Name,Time,Date
IM VRUDIT,22:08:32,22-12-20,Success
BILL2,22:10:16,23-12-20,Success
MUKESH AMBANI,22:10:46,23-12-20,Success
ELON2,22:52:05,23-12-20,Success
IM VRUDIT,22:5:57,21-12-20,Success
IM VRUDIT,23:14:583,23-12-20,Success
IM VRUDIT,11:12:21,29-12-20,Success
MUKESH AMBANI,11:23:04,29-12-20,Success
IM VRUDIT,14:01:00,30-12-20,Success
IM VRUDIT,19:49:07,01-01-21,Success
IM VRUDIT,00:08:37,20-08-09,Success
IM VRUDIT,20:51:15,29-01-21,Success
IM VRUDIT,10:06:08,19-04-21,Success
IM VRUDIT,18:37:05,26-05-21,Success
MUKESH AMBANI,18:37:58,26-05-21,Success
BILL2,18:38:36,26-05-21,Success
AKSHAY KUMAR,18:48:21,26-05-21,Success
ELON2,18:48:50,26-05-21,Success